person_id,gender,wage,bonus,total
0,M,46793.6038108271,33329.344099872564,594852.5898297977
1,M,33481.57572005241,0.0,401778.9086406289
2,M,44523.69908406118,3192912.3129180763,3727196.7019268107
3,M,15995.576829130952,21968.57937484445,213915.50132441588
4,F,10282.631223900877,0.0,123391.57468681052
5,M,65464.53228148786,53167.8029435237,838742.1903213781
6,M,35395.17245409278,14750.106301849211,439492.1757509626
7,M,139610.8543652314,0.0,1675330.252382777
8,M,54813.50695725651,415211.3980078665,1072973.4814949445
9,M,12196.08391898407,0.0,146353.00702780884
10,M,30489.46661003692,0.0,365873.59932044306
11,F,3249.605291476977,7562.87139000765,46558.13488773137
12,M,23547.663280821514,386483.71671652544,669055.6760863836
12,M,23547.663280821514,247287.5851858261,529859.5445556842
13,M,273483.60923594295,13956.372348850608,3295759.683180166
14,M,13434.655493289682,39212.94761001429,200428.81352949046
14,M,13434.655493289682,5259.058474655259,166474.92439413143
15,F,68341.33216316313,94066.87833851548,914162.8642964731
16,F,35448.04087759186,0.0,425376.49053110235
17,M,20178.985060062987,6073.910826123347,248221.7315468792
18,F,166655.8082740009,0.0,1999869.699288011
19,F,9808.005933838096,0.0,117696.07120605715
20,M,5145.156039682276,0.0,61741.872476187316
21,M,8375.630784677518,92305.96287463808,192813.5322907683
22,M,92721.847913788,0.0,1112662.1749654561
23,F,-32790.25112805041,0.0,-393483.01353660494
24,F,44093.97871506778,0.0,529127.7445808133
25,F,47579.57903775951,246041.81282620243,816996.7612793166
26,F,1642.7151702418,0.0,19712.582042901602
27,M,20020.445463382228,7510.231802608246,247755.57736319496
28,M,-287418.6457433084,17095.225198768767,-3431928.5237209327
29,F,21648.22544335491,641.4821127922093,260420.18743305112
30,F,17369.868542161905,0.0,208438.42250594287
31,F,18927.67410536637,0.0,227132.08926439646
32,M,50761.92341761336,0.0,609143.0810113603
33,F,-34658.11494037311,0.0,-415897.3792844773
34,F,5087.99259683909,549676.2002573074,610732.1114193765
35,F,150636.1632578341,46781.7086783985,1854415.6677724076
36,F,16594.25579357388,0.0,199131.06952288657
37,M,125014.89032696869,0.0,1500178.6839236242
38,F,-9478.733615925406,0.0,-113744.80339110488
39,M,25031.713818674303,2226.908400218666,302607.4742243103
40,M,81986.6750402388,104183.87675047651,1088023.9772333421
41,F,7331.286676095301,12225.080391660118,100200.52050480373
42,M,23057.29227543021,0.0,276687.5073051625
43,F,-26861.587431061074,268778.4398043498,-53560.60936838307
44,M,23512.92813822399,599.4414131095739,282754.5790717975
45,M,36458.3187389708,0.0,437499.8248676496
46,M,17731.107140673397,0.0,212773.28568808077
47,F,13760.36498032092,0.0,165124.37976385103
48,F,39438.8560994648,0.0,473266.2731935776
49,M,33981.39066517921,0.0,407776.6879821506
50,F,16679.959601485964,18937.01752375566,219096.53274158723
51,M,66891.4151498423,1796413.0088165386,2599109.990614646
52,M,24351.02056340356,473484.31551141024,765696.562272253
53,M,12213.218211312056,643776.1190872692,790334.7376230138
54,F,21912.042750861525,10150.350968411476,273094.8639787498
55,M,89649.41090492265,9292.496185798993,1085085.4270448708
56,F,32077.905361588764,0.0,384934.86433906516
57,M,29931.55154993629,0.0,359178.61859923543
58,M,52492.15440773185,0.0,629905.8528927822
59,M,109324.20492893684,158669.57775518458,1470560.0369024267
60,F,50568.54102949953,126232.33766051798,733054.8300145124
61,M,25985.94681207217,0.0,311831.361744866
62,F,15945.278162806684,36405.123813212456,227748.46176689264
63,F,106844.69515100912,7413.98406899185,1289550.3258811012
64,F,3783.688347712962,0.0,45404.26017255554
65,F,24432.05551441234,0.0,293184.6661729481
66,F,15994.629443092086,0.0,191935.55331710505
67,M,35909.41003601559,6903.335822273492,437816.25625446066
68,F,16832.12659701357,2378.137275375602,204363.6564395384
69,M,61763.23743293326,0.0,741158.8491951991
70,M,29200.55956808518,8654.515506846825,359061.230323869
71,M,24342.13873316709,0.0,292105.6647980051
72,M,19457.813454515548,225008.14478312852,458501.9062373151
73,F,44071.15321864434,0.0,528853.8386237321
74,F,12669.12651234836,0.0,152029.51814818033
75,F,17284.669079512514,3353.8373481536137,210769.86630230377
76,M,25227.529485575284,1336.3457832128115,304066.6996101162
77,M,180449.1363594384,0.0,2165389.6363132605
78,M,16460.183057937502,13502.390613633355,211024.58730888338
79,F,37685.09180450877,14109.187231794896,466330.2888859001
80,F,16067.60563121251,0.0,192811.26757455012
81,F,85866.54341296887,0.0,1030398.5209556264
82,F,28209.20577390416,12980.425215302934,351490.8945021528
83,F,10929.035926320335,748062.9060644052,879211.3371802493
84,F,12509.566850664414,7086.230687145605,157201.03289511858
85,M,54033.22857174506,0.0,648398.7428609408
86,F,51927.92019572188,7910.731209121113,631045.7735577837
87,F,6478.68839106308,0.0,77744.26069275697
88,F,25817.532282061213,44720.2746405525,354530.6620252871
89,M,13614.400337899971,0.0,163372.80405479966
90,M,20450.72257249706,0.0,245408.6708699647
91,M,33076.39742443367,0.0,396916.76909320406
92,F,12026.738807144722,0.0,144320.86568573667
93,M,40880.22187889578,2570.712810805765,493133.37535755517
94,M,69055.92363379226,0.0,828671.0836055072
95,F,167593.1870382354,10936.489277137356,2022054.7337359623
96,F,4748.8889377653495,0.0,56986.66725318419
97,F,46368.27408429419,20915.82965752476,577335.118669055
98,M,155927.6772329421,4660.718570584893,1875792.8453658903
99,M,51568.74108630321,0.0,618824.8930356386
100,M,39208.03511031708,92066.58797792748,562563.0093017325
101,M,25728.138997391423,34389.007897197975,343126.67586589506
102,M,45620.01032424576,5551.732928262938,552991.8568192121
103,F,194140.5161132946,0.0,2329686.193359535
104,F,42787.3205595457,77031.99543561327,590479.8421501616
105,M,16715.625627090965,12582.050416715452,213169.55794180703
106,F,30522.815044474377,0.0,366273.7805336925
107,F,7572.169663550259,0.0,90866.03596260311
108,M,49384.9449676871,1739815.9482724196,2332435.2878846647
109,M,75732.81229205846,0.0,908793.7475047015
110,M,31340.986591958797,14086.067488221786,390177.9065917274
111,M,62729.715771731615,19037.406986781752,771793.9962475611
112,F,9704.010222380664,233510.14152950823,349958.2641980762
113,M,31964.65929741872,96924.66207232692,480500.57364135154
114,M,10156.217267059048,30856.39132360999,152730.99852831857
115,M,14243.879586917645,69250.00527107384,240176.56031408557
116,F,24945.07251340523,0.0,299340.87016086275
117,F,23600.595040844164,0.0,283207.14049012994
118,M,38054.09312846711,0.0,456649.1175416053
119,F,34999.82893042477,30215.23800750593,450213.1851726032
120,M,8433.01448946828,0.0,101196.17387361935
121,F,34618.32972641822,0.0,415419.9567170186
122,F,33807.45932495064,0.0,405689.5118994077
123,F,17937.272461422046,0.0,215247.26953706454
124,M,13962.41614780862,0.0,167548.99377370346
125,M,5441.171260107912,0.0,65294.055121294936
126,F,27882.23882496271,57532.45091849573,392119.31681804825
127,F,26789.183020310997,90944.4691969234,412414.6654406553
128,M,48239.426317830505,44985.55561221035,623858.6714261763
129,M,2346.2868998123354,319.7469510643815,28475.189748812405
130,M,66389.28925903118,0.0,796671.4711083742
131,F,21738.284700828222,0.0,260859.41640993865
132,F,88479.19240275348,0.0,1061750.3088330417
133,F,13863.109367041834,27881.648965748973,194238.96137025097
134,M,34771.74434466359,0.0,417260.93213596306
135,F,7153.036772704063,0.0,85836.44127244875
136,M,137819.97538498943,25650.49581818874,1679490.200438062
137,M,35339.16348567726,0.0,424069.9618281271
138,M,45444.35333940426,0.0,545332.2400728511
139,M,24822.89726570449,0.0,297874.7671884539
140,F,34764.1006225396,0.0,417169.2074704752
141,M,9114.491936022789,16048.466620344296,125422.36985261776
142,M,27072.394454038367,46359.8722852876,371228.605733748
143,M,31450.037413729664,0.0,377400.448964756
144,F,37968.90452112152,0.0,455626.8542534582
145,F,60257.57700307222,0.0,723090.9240368666
146,F,116778.9554482372,0.0,1401347.4653788465
147,F,13684.073500494576,0.0,164208.88200593492
148,F,60094.75558892518,269007.0551405547,990144.1222076569
149,M,17869.936310402773,0.0,214439.23572483327
150,F,10528.668037126488,19781.07330337724,146125.0897488951
151,F,23887.78367690443,0.0,286653.4041228532
152,M,54142.2355859045,0.0,649706.827030854
153,F,24282.78013828532,6347.20429765674,297740.5659570806
154,F,70573.64289803605,976.167977056902,847859.8827534895
155,M,35892.552650146994,459.7339689597764,431170.36577072367
156,F,13351.75026266625,0.0,160221.003151995
157,M,165415.1159791516,0.0,1984981.3917498193
158,M,21804.57605752988,0.0,261654.9126903586
159,M,10067.824326911845,0.0,120813.89192294213
160,F,108655.00102858314,0.0,1303860.0123429976
161,M,66362.48066921528,0.0,796349.7680305834
162,M,16015.700773868472,0.0,192188.40928642167
163,F,12910.595361111971,0.0,154927.14433334366
164,F,95939.83852091554,0.0,1151278.0622509865
165,F,21034.08940734992,0.0,252409.072888199
166,F,217903.8072938985,47735.79304893397,2662581.480575716
167,M,56162.61168390414,7206.556126094073,681157.8963329438
168,M,48855.96996910223,0.0,586271.6396292268
169,M,27979.1190936478,332833.0298039964,668582.4589277699
170,M,36821.44782142853,0.0,441857.3738571423
171,F,76166.03074707088,6617.839365719903,920610.2083305705
172,M,29306.59297446029,0.0,351679.1156935235
173,F,21596.20692095425,0.0,259154.48305145098
174,M,58888.570407069295,188996.49732610877,895659.3422109403
175,F,25434.07294579813,33316.06575281657,338524.9411023941
176,M,83331.15244585769,0.0,999973.8293502922
177,M,23916.729453625296,0.0,287000.7534435035
178,M,12155.416545102384,0.0,145864.9985412286
179,F,30997.06233329227,13639.66630258567,385604.4143020929
180,F,14838.653599628684,40283.52227769772,218347.36547324192
181,M,22915.876999705084,172944.992719467,447935.516715928
182,F,17466.402170211306,0.0,209596.82604253566
183,F,32879.97433421192,638001.6118819619,1032561.3038925049
184,F,71922.9884222791,0.0,863075.8610673492
185,F,55669.17980575511,302547.2660807702,970577.4237498315
186,M,20787.59786703243,110269.05290306562,359720.2273074548
187,F,8167.221666583767,0.0,98006.6599990052
188,F,24903.610827320845,5536.9626721263,304380.29259997647
189,M,27175.661720298143,686563.6412468133,1012671.5818903911
190,F,89095.13985933302,0.0,1069141.6783119962
191,F,17046.60132106642,0.0,204559.21585279703
192,M,78289.02428047145,0.0,939468.2913656575
193,F,87502.24792521255,0.0,1050026.9751025506
194,M,47743.46471889665,778.0408109509525,573699.6174377106
195,F,15992.027728319426,11012.704333634932,202917.03707346803
196,M,43709.33702511205,37583.27684200014,562095.3211433447
197,F,28949.66024406052,0.0,347395.92292872624
198,M,202285.52623645205,0.0,2427426.3148374246
199,M,22314.109441927303,83545.36505310601,351314.67835623363
200,F,15097.761795627168,0.0,181173.141547526
201,F,75421.53685509591,218451.07536116516,1123509.517622316
202,M,45404.19480964063,0.0,544850.3377156875
203,F,62106.53259058242,0.0,745278.3910869891
204,M,5842.865235992525,0.0,70114.3828319103
205,M,34360.119569011295,0.0,412321.43482813553
206,M,231897.4547183551,0.0,2782769.456620261
207,F,33484.90410016015,0.0,401818.84920192184
208,F,9803.249149281955,151.73239525968611,117790.72218664316
209,F,34171.21723618459,0.0,410054.60683421505
210,F,6915.145526979035,79547.73832616875,162529.48464991717
211,M,109888.68527755626,0.0,1318664.2233306752
212,M,26431.138897135315,7055.543396760405,324229.2101623842
213,F,10529.9955437082,0.0,126359.9465244984
214,F,17273.382405848984,4076.184721886657,211356.77359207446
215,M,52013.9493709835,0.0,624167.392451802
216,F,70888.134288934,0.0,850657.611467208
217,M,51444.43889046333,56037.01864005837,673370.2853256183
218,M,23301.155279618404,67217.22765751959,346831.09101294045
219,F,26928.15404211661,0.0,323137.8485053993
220,M,11369.11456278687,19364.62577375964,155794.0005272021
221,F,41690.825699036825,0.0,500289.9083884419
222,F,17570.199436484087,4202.710950478498,215045.10418828754
223,F,13104.774871536192,0.0,157257.2984584343
224,M,114487.8766600727,0.0,1373854.5199208723
225,M,54002.20340129684,0.0,648026.4408155621
226,F,17060.724278723,0.0,204728.691344676
227,M,55900.73229625191,5100.450081627972,675909.2376366508
228,M,7826.684053963174,0.0,93920.20864755809
229,M,6162.944547762617,0.0,73955.3345731514
230,F,5975.81977846902,32722.719752217123,104432.55709384536
231,F,47011.05546296732,0.0,564132.6655556079
232,M,6951.319754443824,82611.6933945323,166027.5304478582
233,F,304077.9696581963,420476.18761712406,4069411.82351548
234,F,18202.67909222365,0.0,218432.1491066838
235,F,22502.581324950366,56666.8894710722,326697.86537047656
236,F,49829.6605260109,496400.17340542754,1094356.0997175584
237,M,70578.02444690035,0.0,846936.2933628042
238,F,5146.506087949292,85932.82244397374,147690.89549936523
239,M,27316.779863069365,131235.4362426094,459036.7945994418
240,M,8217.315730221628,283235.7581302637,381843.54689292324
241,F,9786.657749243142,17410.871176482106,134850.76416739982
242,F,48276.81955146165,72789.22686016379,652111.0614777035
243,M,37958.43870765424,0.0,455501.26449185086
244,F,19859.581619821613,43565.52954885602,281880.50898671534
245,M,124743.05476958418,0.0,1496916.65723501
246,F,23766.08920595801,0.0,285193.07047149615
247,F,15471.368843501952,0.0,185656.42612202343
248,F,20530.385947844046,0.0,246364.63137412857
249,F,38778.582701846535,11158.79741231286,476501.7898344713
250,M,21913.51073694322,0.0,262962.1288433186
251,F,59675.615040348464,1080.1551906250616,717187.5356748067
252,F,62251.05469774913,51348.30502240089,798360.9613953904
253,F,25040.733903048807,0.0,300488.8068365857
254,F,166347.21671648163,0.0,1996166.6005977797
255,F,9765.797793093723,0.0,117189.57351712468
256,F,24352.98848150311,476.3232346894855,292712.1850127268
257,F,30734.13544592221,0.0,368809.6253510665
258,F,14727.071129876236,0.0,176724.85355851485
259,F,26962.777612210808,18754.032396953768,342307.3637434835
260,F,67431.50916570456,0.0,809178.1099884547
261,M,15009.083807168528,95862.29256179118,275971.29824781354
262,M,21489.24664322985,2352.899010027141,260223.85872878533
263,F,36740.7202216735,0.0,440888.642660082
264,M,14688.987066943171,0.0,176267.84480331806
265,M,14501.397510345529,0.0,174016.77012414634
266,F,4247.15180080664,0.0,50965.821609679675
267,F,38590.919941797976,153737.76360252424,616828.8029040999
268,F,59867.34041183798,200650.98605137315,919059.0709934289
269,M,29622.52729235904,0.0,355470.32750830846
270,M,27519.36179437264,0.0,330232.34153247165
271,F,37807.13011264035,11551.703714540166,465237.2650662243
272,F,2054.7639360787016,0.0,24657.16723294442
273,M,13742.30642607,0.0,164907.67711284
274,F,35024.33009168102,5924.808044016463,426216.76914418873
275,F,4721.734840539324,0.0,56660.81808647189
276,M,20938.45678362349,0.0,251261.48140348186
277,M,139701.65435851485,28326.15231681485,1704746.004618993
278,M,66078.11291275245,0.0,792937.3549530294
279,F,26559.911056349007,15805.895745480537,334524.8284216686
280,F,11208.993839081237,42927.520726554736,177435.44679552957
281,M,7304.956740808028,0.0,87659.48088969634
282,F,24620.44931034828,0.0,295445.3917241793
283,F,33355.853458280246,41626.29017562305,441896.531674986
284,F,33823.50759231512,0.0,405882.0911077815
285,M,8923.986652069232,71748.71600641344,178836.55583124422
286,M,41968.02960986678,0.0,503616.35531840136
287,M,8862.949844095587,3120.269742251124,109475.66787139817
288,F,12452.533638924748,3098.964066765825,152529.3677338628
289,M,12401.54538359298,0.0,148818.54460311576
290,F,27985.263482606068,0.0,335823.1617912728
291,F,32204.578722934675,0.0,386454.9446752161
292,M,21348.438123855674,54304.04832126624,310485.3058075343
293,M,5383.389378633442,4441.093026001,69041.76556960231
294,F,76513.81893942517,0.0,918165.827273102
295,M,18896.729074961528,3308.00162902133,230068.75052855967
296,F,40231.80875484151,0.0,482781.7050580982
297,F,6395.093370343297,0.0,76741.12044411956
298,M,33778.10219106284,1323605.0024414568,1728942.2287342108
299,F,2304.813247157092,268.36538041136924,27926.124346296478
300,M,5347.213143765136,9024.633494406156,73191.19121958778
301,F,20712.476423324,17390.359420142122,265940.0765000301
302,F,41666.90991349761,0.0,500002.91896197136
303,F,28975.89841634487,36490.539030746346,384201.3200268848
304,F,27302.279131951724,0.0,327627.34958342067
305,F,3304.3390023716424,26762.17365901968,66414.2416874794
306,M,12400.69712945208,0.0,148808.36555342498
307,M,755320.874131734,0.0,9063850.489580808
308,F,360041.10444537736,83522.54753941965,4404015.800883948
309,M,11869.67160824762,0.0,142436.05929897144
310,F,29529.733291496774,0.0,354356.7994979613
311,F,103459.9181147568,0.0,1241519.0173770816
312,M,27365.332097109796,27621.055283062426,356005.04044838
313,F,108908.59700150132,0.0,1306903.1640180158
314,M,25234.22931235777,5471.837169948168,308282.5889182414
315,F,29170.194636492623,0.0,350042.33563791146
316,F,8185.003545890721,0.0,98220.04255068865
317,F,40190.30806440585,0.0,482283.6967728702
318,F,17529.29929039354,0.0,210351.5914847225
319,M,8597.300643399487,0.0,103167.60772079384
320,F,23716.14133160561,0.0,284593.6959792673
321,F,83225.40283320958,0.0,998704.8339985149
322,F,27215.05038265488,0.0,326580.6045918586
323,F,11064.075977699576,98110.28261033048,230879.1943427254
324,M,8189.783901715916,0.0,98277.40682059099
325,M,16514.255734366634,309866.6993264508,508037.76813885046
326,F,26960.225805266316,0.0,323522.70966319577
327,F,30070.753230421444,0.0,360849.03876505734
328,M,6401.312587935759,0.0,76815.7510552291
329,F,115888.77457712656,3127.617385761788,1393792.9123112806
330,M,76950.96258374785,0.0,923411.5510049742
331,F,36937.66285200112,0.0,443251.9542240135
332,F,2872.4269925007584,0.0,34469.123910009104
333,M,33187.07665441604,447676.4939973131,845921.4138503056
334,M,5809.31621773375,16805.795996118293,86517.59060892329
335,M,56394.251586229366,7042.832217301908,683773.8512520543
336,M,33524.999214547795,0.0,402299.9905745735
337,F,47680.443399602285,0.0,572165.3207952274
338,F,24467.66029553454,26807.522564747596,320419.4461111621
339,M,19057.252451396627,908.6296825779468,229595.65909933747
340,F,69126.34919365862,0.0,829516.1903239035
341,F,25954.34735344846,10471.272779749985,321923.4410211315
342,M,12461.850062486126,0.0,149542.20074983352
343,M,6634.733174435507,69643.92026717855,149260.71836040463
344,M,8990.76546163906,651562.1085642796,759451.2941039484
345,F,66368.8667372313,0.0,796426.4008467756
346,F,19345.975540293,0.0,232151.70648351597
347,M,11366.901981673582,0.0,136402.82378008298
348,M,15626.926593470596,26907.401958500817,214430.52108014797
349,M,16159.995385644084,69110.99168194004,263030.93630966905
350,M,1590.4628746417463,0.0,19085.554495700955
351,F,18547.835192556035,0.0,222574.02231067242
352,M,17243.881246273642,65951.75549161888,272878.3304469026
353,F,16938.28354008475,0.0,203259.402481017
354,M,43316.27777839057,0.0,519795.33334068686
355,M,24537.62411258604,0.0,294451.4893510325
356,M,49336.55330068173,0.0,592038.6396081807
357,F,26514.49217218956,75253.25661328567,393427.1626795604
358,M,254296.04884974632,6532.653849631308,3058085.240046587
359,F,21728.6043976312,0.0,260743.2527715744
360,M,27969.58409031588,435116.063092264,770751.0721760546
361,F,12316.822358026056,0.0,147801.8682963127
362,M,28582.57807546756,1276.5304114602409,344267.467317071
363,F,38171.74821999082,0.0,458060.97863988986
364,F,37644.776255361634,76138.36193166717,527875.6769960067
365,M,255002.1208392416,14984.10102335118,3075009.5510942503
366,M,211829.83332987284,907612.566032613,3449570.5659910874
367,M,1574.6379744694038,0.0,18895.655693632845
368,F,945.6484579174786,84131.36820641303,95479.14970142276
369,M,53935.65733513509,219102.9871093724,866330.8751309934
370,F,32905.38574320339,0.0,394864.62891844066
371,M,5939.250944124975,0.0,71271.0113294997
372,F,28987.49207129495,0.0,347849.9048555394
373,M,121475.4514441386,0.0,1457705.4173296632
374,F,15970.556059553524,0.0,191646.6727146423
375,F,20565.941625292628,0.0,246791.29950351152
376,F,103581.72440134716,173593.9115831038,1416574.6043992697
377,M,20987.760445502998,39702.5134223259,291555.6387683619
378,M,218709.85566312316,0.0,2624518.267957478
379,M,161681.18430026408,12674.663468933855,1952848.8750721028
380,M,6633.626979210265,23280.0381509054,102883.56190142858
381,F,3901.3684089204185,0.0,46816.42090704502
382,M,19683.264120208925,4632.52126151788,240831.69070402498
383,F,18120.69958327707,41522.55204864632,258970.94704797116
384,F,8446.353729972638,0.0,101356.24475967165
385,F,65049.72569250521,0.0,780596.7083100625
386,M,134281.68380411153,0.0,1611380.2056493382
387,M,60510.26606585426,0.0,726123.1927902511
388,F,54483.67974998674,0.0,653804.1569998409
389,M,52804.53074521913,2085.8688006900657,635740.2377433196
390,F,21652.170869516314,0.0,259826.0504341958
391,M,4095.586790972,0.0,49147.041491664
392,M,27033.52064915573,0.0,324402.24778986874
393,F,56585.70176276299,0.0,679028.4211531559
394,M,60847.17281911491,0.0,730166.0738293789
395,M,45965.0471109078,0.0,551580.5653308936
396,F,161142.42869976934,0.0,1933709.1443972322
397,M,53460.58841160892,30730.049864884797,672257.1108041919
398,M,26985.712744046454,216525.3961815297,540353.9491100871
399,M,123564.71874406096,0.0,1482776.6249287315
400,F,28399.349618643024,0.0,340792.1954237163
401,F,26652.820198879886,0.0,319833.84238655865
402,M,12982.802010328363,202782.0352711468,358575.65939508716
403,F,5284.77109497206,0.0,63417.253139664725
404,M,6343.857022418818,0.0,76126.28426902581
405,F,28935.642255792554,0.0,347227.70706951065
406,M,2107.414182727836,116940.39701692078,142229.3672096548
407,M,44983.17572502597,0.0,539798.1087003116
408,M,59270.56526024442,133754.33793059288,845001.121053526
409,M,44030.39596728275,64314.52578327985,592679.2773906728
410,M,4972.6536846197605,0.0,59671.84421543713
411,M,19008.31057135529,0.0,228099.72685626347
412,M,135337.3570591423,0.0,1624048.2847097074
413,F,19174.04414006325,26041.626572875844,256130.15625363484
414,M,19467.41812572314,0.0,233609.01750867767
415,M,44336.59269706858,0.0,532039.112364823
416,F,29118.779757860266,132102.75395874298,481528.1110530662
417,F,18151.162477524427,0.0,217813.94973029313
418,F,40014.531610040256,0.0,480174.3793204831
419,F,13728.84291942327,0.0,164746.11503307923
420,M,21697.93319160964,391256.0787413215,651631.2770406372
421,F,14366.50105548207,0.0,172398.01266578483
422,F,23568.40123296849,48905.28235486871,331726.09715049056
423,F,56057.91039238109,175280.88042356336,847975.8051321364
424,F,49688.66719921808,172468.40716494323,768732.4135555602
425,M,6813.478155000527,0.0,81761.73786000632
426,M,66416.40500451977,16055.319958007463,813052.1800122446
427,F,31979.856075367697,94714.81236641596,478473.08527082833
428,F,16902.849635444265,92757.97004734872,295592.1656726799
429,M,17398.010831272324,115580.96576782117,324357.09574308904
430,M,2571.272526869803,303470.7649766267,334326.03529906436
431,M,26839.18626825029,956210.4920828054,1278280.727301809
432,F,14832.74181218393,0.0,177992.90174620715
433,F,44549.262644362825,2417.635050491273,537008.7867828453
434,F,10826.92212357416,0.0,129923.06548288993
435,F,15743.353609222337,0.0,188920.24331066804
436,F,36680.42966875336,0.0,440165.1560250403
437,F,37528.30513025076,103843.64011731705,554183.3016803262
438,M,91245.330920622,0.0,1094943.971047464
439,F,32401.844906685958,0.0,388822.1388802315
440,M,86960.01391182329,73347.44103890553,1116867.607980785
441,F,22924.118514190883,0.0,275089.4221702906
442,F,12296.880901414796,0.0,147562.57081697753
443,M,61789.03591031872,87690.61247139843,829159.0433952231
444,F,40575.32716128796,0.0,486903.92593545554
445,M,24643.603828483447,0.0,295723.24594180135
446,M,3883.2301425410874,945307.4212883482,991906.1829988412
447,F,6602.970531193913,130759.00707827986,209994.6534526068
448,M,42538.78755982753,0.0,510465.45071793033
449,M,35483.77986603901,6652.680968432027,432458.0393609002
450,F,23331.203553238134,0.0,279974.44263885764
451,F,33728.56121507261,218.24872933484417,404960.98331020615
452,F,3018.335947492175,0.0,36220.0313699061
453,F,11972.104192064757,966.138130537331,144631.3884353144
454,M,50868.03440768903,0.0,610416.4128922684
455,F,72801.23911406209,0.0,873614.869368745
456,M,21326.94014344335,0.0,255923.28172132018
457,M,20372.62713498048,6901.726099255235,251373.251719021
458,F,205648.28460049283,32954.88836748423,2500734.3035733984
459,M,20097.757660403466,0.0,241173.09192484157
460,F,36896.52232240008,0.0,442758.26786880096
461,F,31059.108434319296,113591.0129060896,486300.31411792117
462,F,109265.19222134666,0.0,1311182.30665616
463,M,89552.60262456824,0.0,1074631.2314948188
464,M,83972.68315315258,0.0,1007672.197837831
465,F,436170.4040590364,0.0,5234044.848708437
466,M,112434.46650118966,127421.42525515592,1476635.023269432
467,M,25896.867664439236,107266.17093934462,418028.58291261544
468,M,34229.76261134509,6934.529246066753,417691.6805822078
469,F,33403.57425246402,0.0,400842.8910295683
470,M,9342.612262095923,0.0,112111.34714515108
471,M,318681.89208526805,0.0,3824182.7050232165
472,M,47750.31848429771,0.0,573003.8218115725
473,M,13103.36461858082,32884.555639041784,190124.93106201163
474,M,11590.240283896866,29309.541216935937,168392.42462369832
475,M,23573.06833227571,2914746.961476032,3197623.781463341
476,M,10424.731505146176,11049.761119777446,136146.53918153155
477,M,17025.039759158088,4494.25778550363,208794.7348954007
478,F,200626.28983225927,1080251.5052457268,3487766.983232838
479,M,8994.599371704177,0.0,107935.19246045011
480,F,33604.564798309926,62845.72073429976,466100.4983140188
481,M,9764.690921357682,0.0,117176.29105629219
482,M,23836.465555286468,0.0,286037.5866634376
483,F,222413.07696925788,0.0,2668956.9236310944
484,M,14454.536936772856,0.0,173454.44324127428
485,M,22639.13780570222,62721.988835046,334391.6425034726
486,M,13424.50900081861,0.0,161094.10800982334
487,F,30145.52250375266,6540.761607439306,368287.0316524712
488,F,12705.464214040969,28102.25290270893,180567.82347120054
489,F,10115.56009239775,1090.9508636485505,122477.67197242157
490,M,76336.76113681476,186447.25083545755,1102488.3844772347
491,F,45929.98569193343,0.0,551159.8283032011
492,M,10032.777186963627,0.0,120393.32624356353
493,F,29235.29553111142,0.0,350823.54637333704
494,M,63868.46099460656,0.0,766421.5319352788
495,F,16343.888252980028,0.0,196126.65903576033
496,F,125967.79591845606,3715.9630374601816,1515329.514058933
497,F,2883.2723483361447,0.0,34599.26818003374
498,M,15205.413490448496,8810.424277116832,191275.3861624988
499,F,210461.15497448517,0.0,2525533.859693822
500,M,15645.611052943104,0.0,187747.33263531726
501,F,63885.4320364332,26569.25620594248,793194.4406431409
502,F,33719.24756732354,0.0,404630.9708078825
503,F,37565.26145282801,550183.959611958,1000967.0970458941
504,M,39094.86151486024,0.0,469138.3381783229
505,F,4075.174929213045,0.0,48902.09915055654
506,M,74414.0414367789,1049.489198649204,894017.986439996
507,M,74905.42413147679,0.0,898865.0895777214
508,M,14735.414195988977,0.0,176824.97035186773
509,M,24763.05864262165,0.0,297156.7037114598
510,F,12905.398634409292,9486.193956925126,164350.97756983663
511,M,92718.0849906378,40627.34684325541,1153244.366730909
512,M,55111.11667426724,0.0,661333.4000912069
513,M,22848.19933172483,0.0,274178.391980698
514,M,20912.306767070837,0.0,250947.68120485003
515,F,13858.658128066843,126740.86037422056,293044.75791102264
516,M,41577.153068452855,0.0,498925.83682143426
517,F,9607.098465704345,53268.49658226135,168553.67817071348
518,M,6599.41110336413,0.0,79192.93324036956
519,M,6664.811687026022,1969862.2833768951,2049840.0236212073
520,F,56112.472983414526,0.0,673349.6758009742
521,M,13171.8562749481,3808.2902676863127,161870.56556706352
522,M,79195.55279070788,78295.20967956874,1028641.8431680633
523,F,33006.2145408471,0.0,396074.57449016516
524,F,48274.61862750243,48307.31918655843,627602.7427165876
525,M,10006.612061877877,35216.527543261305,155295.87228579583
526,F,18097.252122875525,0.0,217167.0254745063
527,F,50315.78609836851,0.0,603789.433180422
528,M,68774.2888917286,0.0,825291.4667007432
529,M,11665.949027700144,0.0,139991.38833240172
530,M,282337.92849051324,0.0,3388055.141886159
531,F,31305.872999750754,123.60191736661488,375794.0779143757
532,F,12110.291897570289,0.0,145323.50277084345
533,F,14992.144615685418,0.0,179905.735388225
534,F,24138.51230534488,0.0,289662.1476641386
535,M,36499.09597186889,17849.09827516891,455838.24993759557
536,F,46974.99504853488,0.0,563699.9405824186
537,M,8367.34746234932,9347.620584949344,109755.79013314118
538,M,15038.252032889972,0.0,180459.02439467967
539,F,172735.21960718685,0.0,2072822.6352862422
540,F,40111.70350755832,3215522.515572146,3696862.957662846
541,F,220600.21095125403,0.0,2647202.5314150485
542,F,52896.18138836293,0.0,634754.1766603552
543,F,67630.21879599045,0.0,811562.6255518855
544,M,23135.306337203667,69038.23307069353,346661.90911713755
545,F,94492.03583272731,17620.894799689602,1151525.3247924172
546,F,17893.25043093057,0.0,214719.00517116685
547,F,7297.265894977115,14050.43573415453,101617.62647387991
548,F,90955.3826198772,5347.987141783156,1096812.5785803094
549,M,43602.50873972132,389315.7325497206,912545.8374263765
550,M,22792.762444877524,0.0,273513.14933853026
551,M,20466.86437990705,0.0,245602.37255888458
552,F,17911.335861785396,0.0,214936.03034142475
553,M,29703.44075474854,0.0,356441.2890569825
554,M,36214.40828176521,89926.9736811907,524499.8730623733
555,F,9674.21578970124,0.0,116090.58947641488
556,M,116935.2069105352,0.0,1403222.4829264223
557,F,7178.874106289282,493973.9969603012,580120.4862357726
558,F,16184.020397146203,0.0,194208.24476575444
559,M,6356.42026799126,0.0,76277.04321589512
560,M,80922.35244134923,0.0,971068.2292961907
561,M,81584.21196074261,5096.709582058035,984107.2531109694
562,M,14507.543323479782,0.0,174090.51988175738
563,F,14450.160444868225,0.0,173401.9253384187
564,M,300729.53964163293,0.0,3608754.475699595
565,F,40662.29848833249,479.2752170879212,488426.85707707785
566,M,39857.82382183775,0.0,478293.885862053
567,F,47332.46557235818,24131.66338537526,592121.2502536735
568,F,9783.523357032722,13282.123922869556,130684.40420726221
569,F,14677.625228527124,0.0,176131.50274232548
570,M,4041.514022902055,5017.93345813688,53516.10173296154
571,M,8567.663218145648,1119177.543410323,1221989.5020280709
572,F,9879.535387022948,11209.77985457022,129764.2044988456
573,M,362844.1103821304,165630.21659332092,4519759.541178886
574,F,21109.35223396112,0.0,253312.2268075334
575,F,36528.235515052416,137257.49061444332,575596.3167950723
576,M,50308.36630138863,13248.019961398257,616948.4155780618
577,F,8916.572261441166,0.0,106998.867137294
578,M,122031.72369163352,257615.56060965476,1721996.244909257
579,F,13256.903016332602,0.0,159082.83619599123
580,F,18071.11932900581,0.0,216853.43194806972
581,F,19391.657956556744,3779112.148729589,4011812.0442082696
582,M,14034.927671063691,0.0,168419.1320527643
583,M,17460.01741930213,191334.36042172235,400854.56945334794
584,F,18664.447891091266,4412.506534618992,228385.88122771418
585,F,73407.33599202416,0.0,880888.03190429
586,M,7024.4602686759445,36722.395904806166,121015.91912891749
587,M,21211.92127789484,0.0,254543.05533473805
588,M,77892.86230776145,40731.814890639296,975446.1625837766
589,M,76606.26467669712,0.0,919275.1761203654
590,F,8450.811416443938,0.0,101409.73699732724
591,F,4840.69434259252,83952.42878794506,142040.76089905528
592,M,74823.93947578373,0.0,897887.2737094047
593,F,29101.13784489652,33983.034063782325,383196.6882025405
594,M,25529.496473252537,54008.82272699074,360362.78040602116
595,F,14928.37447833964,0.0,179140.49374007568
596,F,22281.339289840194,0.0,267376.07147808233
597,M,34741.03622366626,0.0,416892.43468399515
598,F,18091.40952723828,1263.7917469013362,218360.7060737607
599,F,15410.38362112549,83061.45486546554,267986.0583189714
600,M,2384.22443201961,0.0,28610.693184235322
601,M,15556.911230477292,109792.33478397486,296475.26954970235
602,F,10528.567648229118,0.0,126342.81177874943
603,M,43186.59520676038,0.0,518239.14248112455
604,M,11412.680830061918,0.0,136952.16996074302
605,F,20091.559591820653,0.0,241098.71510184783
606,F,49177.04389627696,7374.801832948829,597499.3285882723
607,F,19571.862802868865,0.0,234862.35363442637
608,F,9733.026652980132,15279.662035922642,132075.98187168423
609,M,30432.32936121885,0.0,365187.9523346262
610,M,6501.163432992401,0.0,78013.9611959088
611,M,54325.42747507208,0.0,651905.1297008649
612,M,5972.362408391931,0.0,71668.34890070317
613,M,41477.41128826969,7234.689247678561,504963.6247069149
614,M,7752.973479730138,0.0,93035.68175676165
615,M,12078.685323037069,0.0,144944.22387644483
616,M,12208.968468059362,620397.4077046545,766905.0293213668
617,M,35922.79634621888,2589.4274617254914,433662.983616352
618,F,44123.00301267661,0.0,529476.0361521193
619,F,20392.51083730189,17853.965829824097,262564.09587744676
620,F,12619.978486547172,0.0,151439.74183856606
621,M,134566.39168869154,0.0,1614796.7002642984
622,F,6836.490060161903,0.0,82037.88072194284
623,F,41286.982926058605,0.0,495443.7951127032
624,F,43427.55908690188,0.0,521130.70904282253
625,M,23368.682153417845,163.20883359371018,280587.39467460784
626,M,29006.63382793951,0.0,348079.6059352741
627,F,22186.78867762955,0.0,266241.4641315546
628,F,8687.296315712922,0.0,104247.55578855507
629,M,91993.6135792158,1148.9853214121822,1105072.3482720016
630,M,22918.58592083438,70154.0889570177,345177.12000703026
631,F,46353.10785530575,0.0,556237.294263669
632,F,40872.37738160673,49514.12516157161,539982.6537408525
633,M,4239.869517635134,1838.024914498322,52716.45912611993
634,F,45632.92430597187,101081.78705208296,648676.8787237454
635,M,216893.5932381174,0.0,2602723.118857409
636,F,42145.05771595648,0.0,505740.69259147777
637,F,41993.19879273888,0.0,503918.38551286655
638,M,14020.671451545895,513209.4865887214,681457.5440072721
639,M,9349.154982367712,0.0,112189.85978841255
640,M,4265.190061778641,0.0,51182.2807413437
641,F,19301.925472415267,342165.0676030975,573788.1732720807
642,F,32918.88334590889,0.0,395026.6001509067
643,F,198132.713632404,27898.244145022574,2405490.8077338706
644,M,54404.77463751997,485.6028074647909,653342.8984577045
645,M,37996.51999196314,209.575276335118,456167.8151798928
646,M,91811.28838475006,11370.5157428433,1113105.976359844
647,F,10435.31132486933,0.0,125223.73589843196
648,F,64158.30051575208,0.0,769899.606189025
649,M,16148.674058496144,0.0,193784.08870195373
650,F,54054.876236950855,0.0,648658.5148434102
651,M,15642.58704329034,0.0,187711.04451948407
652,M,70715.87504898437,66077.95493026394,914668.4555180763
653,M,70093.88569659415,57318.99597087748,898445.6243300074
654,F,17419.901930930864,0.0,209038.82317117037
655,F,37509.28215764618,0.0,450111.3858917542
656,F,184755.4273642137,0.0,2217065.1283705644
657,M,115041.69669156973,554328.574237241,1934828.9345360775
658,F,19783.977951119257,6671.247837657558,244078.98325108862
659,F,10461.600089450078,0.0,125539.20107340094
660,M,65520.795238132734,0.0,786249.5428575928
661,F,17181.94042665798,5247.01793690958,211430.30305680534
662,F,10193.211860505708,0.0,122318.54232606849
663,M,17584.192344290404,2005.5784374024583,213015.8865688873
664,F,129885.67686046734,0.0,1558628.122325608
665,M,26887.095852408653,115761.42369902376,438406.57392792765
666,F,16005.894886983378,24994.67735975436,217065.4160035549
667,F,63950.86281681299,376766.8632482974,1144177.2170500532
668,F,90731.26332175486,24378.29723165506,1113153.4570927133
669,F,29221.086670825774,67740.19037160906,418393.2304215183
670,F,79168.7093780242,357709.1966089783,1307733.7091452687
671,F,10248.867587350802,102937.09934304123,225923.51039125083
672,F,16335.861028487376,52322.64147348103,248352.97381532955
673,F,7814.643198801074,6354.823935693817,100130.5423213067
674,F,31895.764406455757,7068.922311791816,389818.0951892609
675,M,53743.34128165726,0.0,644920.0953798871
676,F,10239.256421086886,1287.6181808847368,124158.69523392736
677,M,24264.32446680364,483855.05929457664,775026.9528962204
678,F,2864.462138196503,0.0,34373.54565835804
679,M,79991.97607579884,0.0,959903.712909586
680,M,9080.96223641582,12844.772198814377,121816.31903580422
681,M,16225.30902938243,0.0,194703.70835258916
682,F,17215.73021320979,0.0,206588.76255851748
683,M,6252.785285313294,0.0,75033.42342375952
684,M,61122.236322400415,0.0,733466.835868805
685,F,17892.55976656855,33341.36262797904,248052.07982680164
686,M,46713.09576934244,0.0,560557.1492321093
687,M,31928.514572586093,0.0,383142.1748710331
688,F,38732.71090722605,0.0,464792.5308867126
689,M,12360.6042269954,0.0,148327.2507239448
690,M,73992.41456656996,0.0,887908.9747988395
691,M,18853.19072274673,30732.00604977404,256970.2947227348
692,M,18389.571189834223,926403.9638755036,1147078.8181535143
693,M,46748.51814473907,0.0,560982.2177368689
694,M,59756.19319256688,0.0,717074.3183108026
695,F,28477.93292080853,0.0,341735.19504970236
696,M,104139.4712137066,86312.3243263658,1335985.9788908449
697,F,40781.02442667388,25093.19659794525,514465.4897180318
698,F,56907.50025186552,0.0,682890.0030223862
699,F,19544.93594187233,198237.75473076425,432776.9860332322
700,M,37161.6484958905,0.0,445939.781950686
701,M,79947.1198752267,0.0,959365.4385027203
702,M,11686.49753814037,2998.141771462592,143236.11222914702
703,F,31809.67282346201,0.0,381716.0738815441
704,F,9445.5743840495,22702.70606936432,136049.59867795833
705,F,36866.96383645092,5911.013279245603,448314.5793166567
706,M,31918.94570037192,0.0,383027.34840446303
707,F,49659.510797646784,1166.163217132172,597080.2927888937
708,M,44497.66966086831,0.0,533972.0359304198
709,M,25519.02849812812,0.0,306228.34197753744
710,M,96546.17181856593,162572.6947239401,1321126.756546731
711,M,5581.360891531481,0.0,66976.33069837777
712,F,21716.526203077163,0.0,260598.31443692595
713,M,12032.970162719872,587158.3380145706,731553.979967209
714,F,21512.9909522168,0.0,258155.89142660162
715,F,26180.556853648548,13989.597497772227,328156.2797415548
716,M,10845.753145024755,0.0,130149.03774029706
717,M,7623.70413890761,0.0,91484.44966689132
718,F,12410.187880099184,18033.872058029214,166956.12661921943
719,M,9528.440970388408,982.4163727422696,115323.70801740317
720,F,12826.856576085063,163185.86453033003,317108.1434433508
721,F,49921.10522621749,10171.458975534166,609224.7216901442
722,F,26090.765125754788,0.0,313089.18150905747
723,M,31295.04307994253,0.0,375540.5169593104
724,F,8348.225673019511,0.0,100178.70807623414
725,F,81087.08558671497,11883.786259189048,984928.8132997686
726,F,198757.70331456623,0.0,2385092.4397747945
727,M,9453.623525212734,0.0,113443.4823025528
728,F,4788.400200038539,0.0,57460.80240046247
729,F,9455.67689755987,21135.38849249426,134603.5112632127
730,M,6029.758435476601,0.0,72357.10122571922
731,F,33689.78141554254,48647.19111629995,452924.5681028104
732,M,37249.020009865046,0.0,446988.2401183805
733,F,21088.82396616767,0.0,253065.88759401205
734,F,68866.66909953495,3744.786089136662,830144.815283556
735,F,69596.28611867927,23798.75489737539,858954.1883215266
736,M,85714.6277991552,0.0,1028575.5335898625
737,F,25556.6287533312,2300.504510449194,308980.0495504236
738,F,4953.4998800209705,0.0,59441.998560251646
739,F,27037.034307660284,0.0,324444.4116919234
740,F,84055.51254489284,0.0,1008666.1505387141
741,M,26630.78975836092,5849.14637932445,325418.6234796555
742,M,21159.25033905673,524799.8861552427,778710.8902239234
743,F,3350.0340643306845,0.0,40200.408771968214
744,M,15705.632194263251,249394.76406065517,437862.3503918142
745,M,35815.556082299845,0.0,429786.6729875981
746,F,12768.150513709275,0.0,153217.8061645113
747,F,20465.74336670968,0.0,245588.9204005162
748,F,134695.18584685776,40802.7341694982,1657144.9643317913
749,F,30025.686545561257,1177.5204021849468,361485.75894892
750,M,41651.24759407144,0.0,499814.97112885735
751,F,161447.70112838357,156191.75843423157,2093564.1719748345
752,F,130440.56309305852,28310.016383809463,1593596.7735005117
753,M,11961.437958760933,174855.76040959088,318393.0159147221
754,M,15364.207503261065,0.0,184370.49003913277
755,F,36953.2392315447,0.0,443438.8707785364
756,F,23124.091977978245,2220838.5447895164,2498327.6485252553
757,F,97255.76081521215,6329445.307208339,7496514.436990885
758,M,24691.20109697436,0.0,296294.41316369234
759,M,33077.731723014,0.0,396932.78067616804
760,F,22902.366110354786,0.0,274828.39332425746
761,M,12224.04850621567,0.0,146688.58207458805
762,M,48879.172790631455,0.0,586550.0734875775
763,M,4627.033460462417,0.0,55524.401525549
764,M,82012.03886451642,14781.88499468887,998926.351368886
765,M,38501.21165811576,0.0,462014.5398973891
766,M,176092.99144051503,5712.22830341816,2118828.1255895984
767,M,8328.034344934384,1076.8798519997758,101013.29199121238
768,F,19427.956300425834,0.0,233135.47560511
769,F,55643.170973272965,0.0,667718.0516792756
770,F,64046.837050327005,0.0,768562.044603924
771,M,70628.79846347016,0.0,847545.5815616419
772,F,34364.41164791674,0.0,412372.9397750009
773,F,70966.75231443814,169663.86707872944,1021264.8948519871
774,F,2869.6843277066573,16243.28010661773,50679.49203909762
775,M,14885.979218312785,0.0,178631.7506197534
776,M,51442.64393826176,171270.08524149712,788581.8125006383
777,M,30694.729002288223,0.0,368336.74802745867
778,F,29292.99025525701,124366.8859172186,475882.76898030273
779,M,17983.21961262637,0.0,215798.63535151642
780,F,18594.590851643705,0.0,223135.09021972446
781,M,54536.6824331821,0.0,654440.1891981852
782,F,30719.669553579733,0.0,368636.0346429568
783,F,7426.735829124394,3201.3029636764995,92322.13291316922
784,F,37471.77282340998,18175.247614450484,467836.5214953702
785,F,178469.68846073266,52518.5180204138,2194154.7795492057
786,M,50654.747715236896,0.0,607856.9725828427
787,F,19112.49768283113,0.0,229349.97219397355
788,F,4147.386660977711,0.0,49768.63993173253
789,M,91863.38441692274,0.0,1102360.6130030728
790,M,59573.18453556112,0.0,714878.2144267334
791,M,23024.00824904781,302667.44680170005,578955.5457902737
792,F,16322.983059894575,22498.208192206377,218374.00491094126
793,M,32713.90567414145,0.0,392566.8680896974
794,M,62024.2129938933,130853.5698107645,875144.1257374841
795,M,5524.4287454808655,2088.480273958778,68381.62521972916
796,M,9413.027127188849,0.0,112956.32552626618
797,M,13976.309744488426,4422341.102278487,4590056.819212348
798,M,37219.745997143706,138152.81042729435,584789.7623930188
799,F,44354.24148634418,108481.24093677769,640732.1387729078
800,F,5064.08840882106,121323.6890389114,182092.74994476413
801,M,59807.96874634365,158334.01247016308,876029.6374262868
802,F,7887.772361483036,0.0,94653.26833779643
803,M,5943.211259026519,0.0,71318.53510831823
804,M,51887.93863237574,27963.290706239943,650618.5542947489
805,F,135542.41827189387,2543.177516363407,1629052.1967790897
806,F,14905.105021579133,12736.92084648016,191598.18110542974
807,M,9287.957155496484,0.0,111455.4858659578
808,F,8408.797585359842,0.0,100905.57102431811
809,F,98900.0269569653,0.0,1186800.3234835835
810,F,68975.4981109806,35554.49952908088,863260.476860848
811,M,54736.80035723307,27436.67931023806,684278.283597035
812,F,14051.368546828098,947162.958029401,1115779.3805913383
813,F,68361.7097829977,0.0,820340.5173959724
814,M,91335.72784165545,0.0,1096028.7340998654
815,M,97591.77823108908,0.0,1171101.338773069
816,F,18675.097921235443,3488.899311672037,227590.07436649734
817,F,9281.373914430627,0.0,111376.48697316753
818,M,100084.48565846328,38642.3092095912,1239656.1371111507
819,M,36758.56361496755,0.0,441102.7633796106
820,M,9520.793537407975,0.0,114249.5224488957
821,F,16712.066924616625,968678.1471390496,1169222.950234449
822,M,5771.063892492073,0.0,69252.76670990488
823,M,28078.241722902258,0.0,336938.9006748271
824,M,36197.30835319165,11584.713872351058,445952.41411065083
825,F,17237.133290729016,2738.230888383869,209583.83037713205
826,M,4844.665958863651,6397.37803471159,64533.36954107541
827,F,14658.190408814036,0.0,175898.28490576844
828,M,69840.64978142435,0.0,838087.7973770922
829,M,14307.261404138582,60710.02997706618,232397.16682672917
830,M,13189.15344611239,0.0,158269.8413533487
831,F,33683.383127153895,353631.70974758145,757832.3072734282
832,F,5999.308199261765,922365.50652112,994357.2049122611
833,F,74049.39000114876,3356.9016250646773,891949.5816388498
834,M,91607.8158786063,3685.8473977169897,1102979.6379409926
835,M,41060.947924289685,413.7600239433614,493145.13511541963
836,F,21697.226871442665,7703.346074017301,268070.0685313293
837,M,15808.835453942233,0.0,189706.0254473068
838,M,10624.66200245728,0.0,127495.94402948736
839,M,39174.50285780594,0.0,470094.0342936713
840,F,6213.853638120023,0.0,74566.24365744027
841,M,43210.72002254151,0.0,518528.6402704981
842,M,7097.947687829832,0.0,85175.37225395799
843,M,91383.93610873756,0.0,1096607.2333048508
844,F,21699.113761197765,0.0,260389.3651343732
845,F,35038.56905529337,7252.544113721477,427715.37277724186
846,F,47058.50214492217,0.0,564702.0257390661
847,M,29313.078135329044,0.0,351756.93762394856
848,M,29834.72356721334,13441.07285921857,371457.75566577865
849,F,24710.726569119368,0.0,296528.7188294324
850,M,30337.19410254567,0.0,364046.329230548
851,M,284498.6739482552,0.0,3413984.0873790625
852,F,6711.484104042938,0.0,80537.80924851526
853,F,17654.9269164472,0.0,211859.1229973664
854,F,44450.54430194961,0.0,533406.5316233953
855,F,47859.18472626654,403.6957862453917,574713.9125014439
856,F,108936.94382849552,0.0,1307243.3259419464
857,M,1050.8168679817911,1145.3180191258118,13755.120434907307
858,M,4843.971929540083,0.0,58127.66315448099
859,F,28333.50193511649,1829.5103117390847,341831.533533137
860,F,72123.33157983447,12220.98310245327,877700.962060467
861,F,22255.73451829084,0.0,267068.81421949004
862,M,17445.45093348398,458.96326507083097,209804.37446687857
863,M,27930.399123765223,0.0,335164.7894851827
864,F,105751.78792553447,0.0,1269021.4551064137
865,M,40500.757929555926,75858.32978004104,561867.4249347121
866,M,29384.92690907142,0.0,352619.122908857
867,M,27107.32483814012,0.0,325287.89805768145
868,M,16978.470472214958,70751.97499101183,274493.6206575913
869,F,118598.39966363758,6257.379214479824,1429438.1751781309
870,F,137293.2493980444,0.0,1647518.9927765327
871,F,56933.95587694631,8873.46342535755,692080.9339487134
872,M,10470.036152628156,211034.57939462428,336675.0132261622
873,M,104510.71958351604,460576.7403817723,1714705.3753839647
874,F,42217.956129883845,9950.240294091149,516565.7138526973
875,F,28432.562260262923,0.0,341190.74712315504
876,F,26085.859131254565,0.0,313030.3095750548
877,F,20673.085912989187,0.0,248077.03095587023
878,F,79114.8135573192,0.0,949377.7626878304
879,F,27140.11891760918,141016.4523382273,466697.8793495374
880,F,8935.145079750453,0.0,107221.74095700544
881,M,54403.57635481566,0.0,652842.916257788
882,F,38938.82433553975,0.0,467265.892026477
883,M,37328.0346800849,0.0,447936.4161610188
884,F,31910.601226361025,0.0,382927.21471633227
885,M,26458.608211552582,10366.75913406639,327870.0576726974
886,M,49306.520998240325,39594.50074084,631272.7527197239
887,F,75473.96897348511,105366.88552008342,1011054.5132019047
888,M,234245.6595145228,2752.89050906855,2813700.804683342
889,M,71377.72887083894,0.0,856532.7464500673
890,M,17082.87608898419,0.0,204994.51306781027
891,M,60119.44182775732,12340.759990838387,733774.0619239262
892,F,52042.47291983258,39052.8784130243,663562.5534510154
893,M,8773.188766284626,483586.5775536239,588864.8427490394
894,M,138850.8821859104,401319.1226761674,2067529.7089070922
895,M,13844.90190253162,0.0,166138.82283037942
896,M,21986.53427650301,17429.91235122247,281268.3236692586
897,F,85745.02130809588,0.0,1028940.2556971505
898,F,25579.123264986774,0.0,306949.4791798413
899,M,46156.99945138944,0.0,553883.9934166733
900,F,9435.639975258273,874.6393092828266,114102.3190123821
901,M,60730.30541287352,0.0,728763.6649544822
902,F,49352.2696753784,0.0,592227.2361045408
903,F,6947.316609948271,0.0,83367.79931937926
904,F,11121.60382171975,0.0,133459.245860637
905,M,26169.09246120621,85059.63838165088,399088.74791612546
906,M,26061.601210575627,599196.7541768904,911935.9687037979
907,M,23109.089521452097,0.0,277309.07425742515
908,F,31988.93915029634,0.0,383867.2698035561
909,M,11409.454846213612,0.0,136913.45815456333
910,F,172242.0552707768,4735.081104103307,2071639.7443534248
911,F,57711.19875843846,0.0,692534.3851012615
912,M,67803.41776522865,33668.27718019407,847309.2903629377
913,M,21853.266042823696,55549.34764718496,317788.5401610693
914,M,169409.05546597933,0.0,2032908.665591752
915,M,98238.47166824625,0.0,1178861.660018955
916,F,34117.28199158688,4659.758652371541,414067.14255141414
917,F,18282.583684195462,7877.2401365732385,227268.2443469188
918,F,35671.95348133239,295186.6043909469,723250.0461669356
919,M,57951.3684312226,0.0,695416.4211746713
920,F,10011.01020680985,12710.877491257184,132842.99997297538
921,M,68145.90195335294,0.0,817750.8234402352
922,M,14314.189007185048,12137.320831014387,183907.58891723497
923,M,13134.391415666718,0.0,157612.69698800062
924,F,11724.17742397088,0.0,140690.12908765057
925,F,11293.859471846616,10116.123012564887,145642.43667472427
926,F,89233.57300508115,13136.151078790686,1083939.0271397645
927,M,2942.2060244815048,0.0,35306.47229377806
928,M,9407.686836822331,0.0,112892.24204186798
929,M,46745.32322782949,176718.8468502398,737662.7255841937
930,M,183917.0361781664,0.0,2207004.4341379968
931,M,115480.69376572568,3976.075160287244,1389744.4003489953
932,M,5376.715365600312,0.0,64520.584387203744
933,M,25210.002747542767,0.0,302520.0329705132
934,F,27991.31182943625,0.0,335895.741953235
935,M,39334.91194651646,16114.868614746632,488133.8119729442
936,M,53894.6991501885,12739.419125553974,659475.8089278159
937,M,108335.65937925687,0.0,1300027.9125510824
938,F,24743.22754773372,57572.5556187412,354491.28619154583
939,M,16166.868191123103,21725.91542253553,215728.33371601277
940,F,9713.912696795254,0.0,116566.95236154305
941,F,35241.71549574645,8492.150338892918,431392.73628785036
942,F,43968.14331791737,0.0,527617.7198150085
943,F,36533.755864252445,0.0,438405.0703710293
944,M,212090.15928704836,28731.74061732613,2573813.652061906
945,F,18353.01884530968,0.0,220236.2261437162
946,M,28058.360112557628,0.0,336700.32135069155
947,F,18556.892149989,2267.7402499670434,224950.44604983504
948,M,15618.27146527567,0.0,187419.25758330803
949,F,28769.86088512598,0.0,345238.3306215118
950,M,72450.09906005686,368275.9601128916,1237677.148833574
951,M,11091.655519491384,565549.6880566328,698649.5542905293
952,F,9777.301387837648,17149.58581594897,134477.20247000075
953,F,11633.035665004303,2390974.201602535,2530570.6295825867
954,M,45233.2189341919,0.0,542798.6272103027
955,F,11234.15478253185,0.0,134809.8573903822
956,F,71370.2735310434,339080.44435791654,1195523.7267304375
957,M,16723.862934347206,45875.351524170255,246561.70673633672
958,M,78354.67918322414,0.0,940256.1501986897
959,M,24901.53156285264,0.0,298818.3787542317
960,F,3809.4921894703407,69396.20325427437,115110.10952791845
961,M,27051.46537788425,0.0,324617.584534611
962,F,98041.25055129406,0.0,1176495.0066155286
963,F,16090.457712896448,0.0,193085.4925547574
964,M,12089.61134675509,557549.2439001787,702624.5800612398
965,M,7346.731097138831,0.0,88160.77316566597
966,M,45432.134102765325,0.0,545185.6092331839
967,M,40107.98853420911,48885.78758386294,530181.6499943722
968,M,77136.17290488201,0.0,925634.0748585842
969,F,22045.343048668678,0.0,264544.11658402416
970,M,131014.74315322169,330.73917901867947,1572507.657017679
971,M,46430.82317749353,1807.071508209773,558976.9496381321
972,M,70016.5279676862,0.0,840198.3356122344
973,M,27077.82822215429,0.0,324933.9386658515
974,M,78436.51787825004,164196.40663560558,1105434.621174606
975,F,42286.96424847365,0.0,507443.5709816838
976,M,8910.787168840705,0.0,106929.44602608847
977,M,64735.60702045089,127712.34396125306,904539.6282066638
978,F,18534.795796364542,0.0,222417.5495563745
979,M,24486.70299645658,18037.30880015606,311877.744757635
980,F,156606.12360303232,4396.659933124026,1883670.1431695118
981,F,32833.04716251163,43659.79598606224,437656.36193620187
982,M,61603.98744273862,2284.297961127245,741532.1472739907
983,M,9922.78135646453,9391.08530400419,128464.46158157854
984,M,9829.512396297214,0.0,117954.14875556657
985,F,13403.234232093648,57266.920999793096,218105.7317849169
986,M,50518.560587828426,0.0,606222.7270539411
987,M,42161.0049124732,1203286.4867972278,1709218.5457469062
988,F,93656.19952063504,36688.83382917543,1160563.2280767958
989,F,45953.28851112306,0.0,551439.4621334767
990,F,104835.4101302668,0.0,1258024.9215632016
991,M,44258.49269755269,66880.47556798947,597982.3879386218
992,F,6948.359670648284,192155.7630314904,275536.0790792698
993,M,29934.65255286761,0.0,359215.8306344113
994,F,4535.759974223632,0.0,54429.11969068358
995,M,66503.73718491795,3452.137071266251,801496.9832902816
996,M,9972.95627199184,389278.9690777933,508954.4443416954
997,F,104504.61639239053,53809.78166193366,1307865.1783706201
998,M,98927.90307555236,0.0,1187134.8369066282
999,M,108107.14136832672,0.0,1297285.6964199205
